[{
        "filename": "\\photo\\Golovanova.jpg",
        "name": "Голованова Наталия Борисовна",
        "sound": "\\photo\\Golovanova.mp3",
        "desc": "Заместитель первого проректора РТУ МИРЭА - Российский технологический университет"
    },
    {
        "filename": "\\photo\\Gorin.jpg",
        "name": "Горин Денис Станиславович",
        "sound": "\\photo\\Gorin.mp3",
        "desc": "Заведующий кафедрой Кафедра КБ-3 «Безопасность программных решений» РТУ МИРЭА"
    },
    {
        "filename": "\\photo\\Kudzh.jpg",
        "name": "Кудж Станислав Алексеевич",
		"sound": "\\photo\\KudzhSA.mp3",
        "desc": "Ректор РТУ МИРЭА - Российский технологический университет"
    },
	    {
        "filename": "\\photo\\Kudzh1.jpg",
        "name": "Кудж Станислав Алексеевич",
		"sound": "\\photo\\KudzhSA.mp3",
        "desc": "Ректор РТУ МИРЭА - Российский технологический университет"
    },
	    {
        "filename": "\\photo\\Kudzh2.jpg",
        "name": "Кудж Станислав Алексеевич",
		"sound": "\\photo\\KudzhSA.mp3",
        "desc": "Ректор РТУ МИРЭА - Российский технологический университет"
    },
    {
        "filename": "\\photo\\Rusakov.jpg",
        "name": "Русаков Алексей Михайлович",
        "sound": "\\photo\\Rusakov.mp3",
        "desc": "Директор проекта Персона ID РТУ МИРЭА"
    },
    {
        "filename": "\\photo\\Timoshenko.jpg",
        "name": "Тимошенко Андрей Всеволодович",
        "sound": "\\photo\\Timoshenko.mp3",
        "desc": "Проректор по учебной работе РТУ МИРЭА"
    },
    {
        "filename": "\\photo\\Trubienko.jpg",
        "name": "Трубиенко Олег Владимирович",
        "sound": "\\photo\\Trubienko.mp3",
        "desc": "Заведующий кафедрой КБ-2 «Прикладные информационные технологии» РТУ МИРЭА"
    },
    {
        "filename": "\\photo\\Bakaev.jpg",
        "name": "Бакаев Анатолий Александрович",
        "sound": "\\photo\\Bakaev.mp3",
        "desc": "Директор института кибербезопасности и цифровых технологий РТУ МИРЭА"
    },
    {
        "filename": "\\photo\\AndrukhON.jpg",
        "name": "Андрух Олег Николаевич",
        "sound": "\\photo\\AndrukhON.mp3",
        "desc": "Вице-президент АНО Институт инженерной физики"
    },
    {
        "filename": "\\photo\\BaturovaGV.jpg",
        "name": "Батурова Галина Bикторовна",
        "sound": "\\photo\\BaturovaGV.mp3",
        "desc": "Заместитель начальника ЦИМДАА РТУ МИРЭА"
    },
    {
        "filename": "\\photo\\BoykoER.jpg",
        "name": "Бойко Евгений Рафаилович",
        "sound": "\\photo\\BoykoER.mp3",
        "desc": "Директор Институт физиологии ФИЦ Коми НЦ УрО РАН"
    },
    {
        "filename": "\\photo\\VeselovAV.jpg",
        "name": "Веселов Алексей Викторович",
        "sound": "\\photo\\VeselovAV.mp3",
        "desc": "Заместитель министра – начальник управления организации медицинской и фармацевтической помощи населению Министерство здравоохранения Хабаровского края"
    },
    {
        "filename": "\\photo\\VeselovAV2.jpg",
        "name": "Веселов Алексей Викторович",
        "sound": "\\photo\\VeselovAV.mp3",
        "desc": "Заместитель министра – начальник управления организации медицинской и фармацевтической помощи населению Министерство здравоохранения Хабаровского края"
    },
    {
        "filename": "\\photo\\VinnikovKA.jpg",
        "name": "Винников Кирилл Андреевич",
        "sound": "\\photo\\VinnikovKA.mp3",
        "desc": "Директор института Мирового окена Дальневосточный федеральный университет"
    },
    {
        "filename": "\\photo\\HansezKS.jpg",
        "name": "Ганзей Кирилл Сергеевич",
        "sound": "\\photo\\HansezKS.mp3",
        "desc": "Директор Федеральное государственное бюджетное учреждение науки Тихоокеанский институт географии Дальневосточного отделения Российской академии наук"
    },
    {
        "filename": "\\photo\\GmyraSN.jpg",
        "name": "Гмыра Сергей Николаевич",
        "sound": "\\photo\\GmyraSN.mp3",
        "desc": "Генеральный директор Байкал Яхт Групп"
    },
    {
        "filename": "\\photo\\GolubevaNI.jpg",
        "name": "Голубева Наталия Ивановна",
        "sound": "\\photo\\GolubevaNI.mp3",
        "desc": "Секретарь Межведомственной национальной океанографической комиссии Российской Федерации"
    },
    {
        "filename": "\\photo\\GrafovYG.jpg",
        "name": "Графов Юрий Германович",
        "sound": "\\photo\\GrafovYG.mp3",
        "desc": "Проректор РТУ МИРЭА"
    },
    {
        "filename": "\\photo\\GritsunAS.jpg",
        "name": "Грицун Андрей Сергевич",
        "sound": "\\photo\\GritsunAS.mp3",
        "desc": "Заместитель директора по науке Института вычислительной математики РАН ИВМ РАН"
    },
    {
        "filename": "\\photo\\DenisenkoIV.jpg",
        "name": "Денисенко Илона Валерьевна",
        "sound": "\\photo\\DenisenkoIV.mp3",
        "desc": "Президент Международная ассоциация женщин в судоходстве и торговле"
    },
    {
        "filename": "\\photo\\DyakovNN.jpg",
        "name": "Дьяков Николай Николаевич",
        "sound": "\\photo\\DyakovNN.mp3",
        "desc": "Директор ФГБУ Государственный океанографический институт имени Н.Н. Зубова Севастопольское отделение"
    },
    {
        "filename": "\\photo\\EreminaTR.jpg",
        "name": "Ерёмина Татьяна Рэмовна",
        "sound": "\\photo\\EreminaTR.mp3",
        "desc": "Директор института Федеральное государственное бюджетное образовательное учреждение высшего образования «Российский государственный гидрометеорологический университет»"
    },
    {
        "filename": "\\photo\\IgnatenkoVA.jpg",
        "name": "Игнатенко Валентина Алексеевна",
        "sound": "\\photo\\IgnatenkoVA.mp3",
        "desc": "Заместитель министра министерство здравоохранения Краснодарского края"
    },
    {
        "filename": "\\photo\\IgnatenkoVA2.jpg",
        "name": "Игнатенко Валентина Алексеевна",
        "sound": "\\photo\\IgnatenkoVA.mp3",
        "desc": "Заместитель министра министерство здравоохранения Краснодарского края"
    },
    {
        "filename": "\\photo\\KlyachkoLM.jpg",
        "name": "Клячко Лев Михайлович",
        "sound": "\\photo\\KlyachkoLM.mp3",
        "desc": "Председатель Научно-экспертного совета Морской коллегии при Правительстве Российской Федерации"
    },
    {
        "filename": "\\photo\\KomarovaTE.jpg",
        "name": "Комарова Тамара Евгеньевна",
        "sound": "\\photo\\KomarovaTE.mp3",
        "desc": "Начальник Управления по работе с абитуриентами РТУ МИРЭА"
    },
    {
        "filename": "\\photo\\KonovalovAM.jpg",
        "name": "Коновалов Алексей Михайлович",
        "sound": "\\photo\\KonovalovAM.mp3",
        "desc": "Заместитель директора ИКИ НМП, начальник Центра исследований морской деятельности, Арктики и Антарктики (ЦИМДАА)"
    },
    {
        "filename": "\\photo\\KotenevMB.jpg",
        "name": "Котенев Михаил Борисович",
        "sound": "\\photo\\KotenevMB.mp3",
        "desc": "Заместитель директора ИКИ НМП, начальник Центра комплексных исследований национальной безопасности в области морской деятельности (ЦКИ НБ МД)"
    },
    {
        "filename": "\\photo\\KravchenkoPN.jpg",
        "name": "Кравченко Павел Николаевич",
        "sound": "\\photo\\KravchenkoPN.mp3",
        "desc": "Проректор по научной работе Московский университет имени С.Ю. Витте"
    },
    {
        "filename": "\\photo\\LeonovDA.jpg",
        "name": "Леонов Дмитрий Алексеевич",
        "sound": "\\photo\\LeonovDA.mp3",
        "desc": "Директор технопарка Альтаир РТУ МИРЭА"
    },
    {
        "filename": "\\photo\\LugovayaEA.jpg",
        "name": "Луговая Елена Александровна",
        "sound": "\\photo\\LugovayaEA.mp3",
        "desc": "директор Федеральное государственное бюджетное учреждение науки Научно-исследовательский центр «Арктика» Дальневосточного отделения Российской академии наук"
    },
    {
        "filename": "\\photo\\MegorskyVV.jpg",
        "name": "Мегорский Владимир Владимирович",
        "sound": "\\photo\\MegorskyVV.mp3",
        "desc": "Директор Филиал «Научно-исследовательская лаборатория Федерального бюджетного учреждения науки «Северо-Западный научный центр гигиены и общественного здоровья». North-West Public Health Research Center"
    },
    {
        "filename": "\\photo\\MelnikovAV.jpg",
        "name": "Мельников Алексей Владимирович",
        "sound": "\\photo\\MelnikovAV.mp3",
        "desc": "Директор ГБУНО НацОНИФ"
    },
    {
        "filename": "\\photo\\MyglanVV.jpg",
        "name": "Мыглан Вячеслав Валерьевич",
        "sound": "\\photo\\MyglanVV.mp3",
        "desc": "Генеральный директор ООО КСГ инжиниринг"
    },
    {
        "filename": "\\photo\\OstrovskayaEV.jpg",
        "name": "Островская Елена Васильевна",
        "sound": "\\photo\\OstrovskayaEV.mp3",
        "desc": "Директор Каспийский морской научно-исследовательский центр"
    },
    {
        "filename": "\\photo\\PankovVL.jpg",
        "name": "Панков Владимир Львович ",
        "sound": "\\photo\\PankovVL.mp3",
        "desc": "Первый проректор МИРЭА"
    },
    {
        "filename": "\\photo\\PeltzerMV.jpg",
        "name": "Пельцер Ориша Марлен Владимировна",
        "sound": "\\photo\\PeltzerMV.mp3",
        "desc": "Генеральный директор ООО УнИК Литораль"
    },
    {
        "filename": "\\photo\\PetushkovGV.jpg",
        "name": "Петушков Григорий Валерьевич",
        "sound": "\\photo\\PetushkovGV.mp3",
        "desc": "Проректор РТУ МИРЭА"
    },
    {
        "filename": "\\photo\\ProkopovNI.jpg",
        "name": "Прокопов Николай Иванович",
        "sound": "\\photo\\ProkopovNI.mp3",
        "desc": "Первый проректор РТУ МИРЭА"
    },
    {
        "filename": "\\photo\\RagutkinAV.jpg",
        "name": "Рагуткин Александр Викторович",
        "sound": "\\photo\\RagutkinAV.mp3",
        "desc": "Проректор РТУ МИРЭА"
    },
    {
        "filename": "\\photo\\RogovIE.jpg",
        "name": "Рогов Игорь Евгеньевич",
        "sound": "\\photo\\RogovIE.mp3",
        "desc": "И.о. директора Института довузовской подготовки РТУ МИРЭА"
    },
    {
        "filename": "\\photo\\RogovaVA.jpg",
        "name": "Рогова Вера Александровна",
        "sound": "\\photo\\RogovaVA.mp3",
        "desc": "Заместитель первого проректора РТУ МИРЭА"
    },
    {
        "filename": "\\photo\\RudnevDS.jpg",
        "name": "Руднев Денис Сергеевич",
        "sound": "\\photo\\RudnevDS.mp3",
        "desc": "Генеральный директор АО «Столетика»"
    },
    {
        "filename": "\\photo\\SivkovVV.jpg",
        "name": "Сивков Вадим Валерьевич",
        "sound": "\\photo\\SivkovVV.mp3",
        "desc": "Директор Атлантическое отделение Института океанологии им. П.П. Ширшова РАН"
    },
    {
        "filename": "\\photo\\SivkovaSG.jpg",
        "name": "Сивкова Светлана Геннадьевна",
        "sound": "\\photo\\SivkovaSG.mp3",
        "desc": "Генеральный директор Музея Мирового океана. Президент Ассоциации «Морское наследие России»"
    },
    {
        "filename": "\\photo\\SigovAS.jpg",
        "name": "Сигов Александр Сергеевич",
        "sound": "\\photo\\SigovAS.mp3",
        "desc": "Президент РТУ МИРЭА"
    },
    {
        "filename": "\\photo\\SigovAS2.jpg",
        "name": "Сигов Александр Сергеевич",
        "sound": "\\photo\\SigovAS.mp3",
        "desc": "Президент РТУ МИРЭА"
    },
    {
        "filename": "\\photo\\StaroverovPV.jpg",
        "name": "Староверов Платон Васильевич",
        "sound": "\\photo\\StaroverovPV.mp3",
        "desc": "Вице-президент Ассоциация полярников Санкт-Петербурга"
    },
    {
        "filename": "\\photo\\FisenkoGV.jpg",
        "name": "Фисенко Геннадий Валентинович",
        "sound": "\\photo\\FisenkoGV.mp3",
        "desc": "Проректор РТУ МИРЭА"
    },
    {
        "filename": "\\photo\\ShakirovRB.jpg",
        "name": "Шакиров Ренат Белалович",
        "sound": "\\photo\\ShakirovRB.mp3",
        "desc": "Заместитель директора по научной работе Тихоокеанский океанологический институт им. В.И. Ильичева"
    },
    {
        "filename": "\\photo\\YurtevVY.jpg",
        "name": "Юртеев Владимир Яковлевич",
        "sound": "\\photo\\YurtevVY.mp3",
        "desc": "Первый вице-президент Национальная технологическая палата РАН"
    }
]